image_id,n_objects,mean_area,density_class,quality_flag,llm_narrative
test_000,8,194.0,sparse,poor,"The image contains a small number of distinct objects, which are relatively sparse and have irregular shapes. The objects' areas vary widely, indicating some level of overlap or merging. Overall, the quality of the object detection is poor due to their irregularity."
test_001,14,203.5,sparse,poor,"The image contains 14 distinct objects, with varying sizes and shapes. The objects are relatively sparse, suggesting they may be separate entities rather than merged or overlapping regions. However, the low mean solidity value indicates that some of these objects may have irregular shapes or be partially overlapping."
test_002,26,222.1,normal,good,"The image contains 26 distinct objects, with a mean area of approximately 222 square pixels. The shapes are mostly normal in density and quality, suggesting well-defined boundaries between the objects. Overall, the objects appear to be intact and not overlapping or merged."
test_003,19,206.3,normal,good,"The image contains 19 distinct objects, with a mean area of approximately 206 square pixels. The shapes are generally normal and well-defined, suggesting that the objects are likely to be recognizable features within the image. Overall, the quality of the segmentation appears to be good."
test_004,42,339.5,dense,good,"The image contains a dense collection of objects, with most having an average area of around 340 pixels. The shapes are generally regular, but some irregularities were detected, indicating potential overlap or merging of the objects. Overall, the quality of the object detection appears to be good."
test_005,15,437.7,clustered,good,"The image contains 15 distinct objects, with an average size of approximately 438 square pixels. The shapes are mostly clustered together, suggesting a high degree of overlap or merging among the objects. Overall, the quality of the segmentation appears to be good."
test_006,8,202.5,sparse,poor,"The image contains eight distinct objects, with varying sizes and shapes. The objects are relatively sparse and have a low solidity, indicating that they may be irregular or overlapping. Overall, the quality of the segmentation is poor due to the presence of sparse objects."
test_007,23,208.0,normal,good,"The image contains 23 distinct objects, with an average size of approximately 208 pixels squared. The shapes are mostly normal and well-defined, suggesting a relatively good quality. However, some irregularities may be present due to overlapping or merged shapes."
test_008,23,242.2,normal,good,"The image contains 23 distinct objects, with a mean area of approximately 242 square pixels. These objects are likely to be normal in shape and size, with a moderate level of quality."
test_009,21,181.1,normal,good,"The image contains 21 distinct objects, with a mean area of approximately 181 pixels squared. The shapes are mostly normal and well-defined, suggesting that the objects are recognizable and not severely overlapping or merged. Overall, the quality of the segmentation is good."
test_010,36,366.9,clustered,good,"The image contains 36 distinct objects, with a mean area of approximately 367 pixels squared. The shapes are generally clustered together, suggesting they may be part of a larger group or overlap. Overall, the quality of the objects is good."
test_011,19,196.1,normal,good,"The image contains 19 distinct objects, with a mean area of approximately 196 pixels squared. The shapes are mostly normal and well-defined, suggesting a good quality image."
